{"id":"3299330","name":"my-blog","font_family":"kirafont","css_prefix_text":"icon-","description":"","glyphs":[{"icon_id":"4767060","name":"unordered list","font_class":"unordered-list","unicode":"e7f5","unicode_decimal":59381},{"icon_id":"4766297","name":"area chart","font_class":"area-chart-fill","unicode":"e7af","unicode_decimal":59311},{"icon_id":"4936512","name":"time-circle-fill","font_class":"time-circle-fill","unicode":"e848","unicode_decimal":59464},{"icon_id":"4936544","name":"calendar-fill","font_class":"calendar-fill","unicode":"e84d","unicode_decimal":59469},{"icon_id":"4936627","name":"container-fill","font_class":"container-fill","unicode":"e85f","unicode_decimal":59487},{"icon_id":"4936679","name":"edit-fill","font_class":"edit-fill","unicode":"e86d","unicode_decimal":59501},{"icon_id":"4936683","name":"tag-fill","font_class":"tag-fill","unicode":"e86e","unicode_decimal":59502},{"icon_id":"577365","name":"搜索","font_class":"search","unicode":"e752","unicode_decimal":59218},{"icon_id":"4118038","name":"关闭","font_class":"close","unicode":"eb6a","unicode_decimal":60266},{"icon_id":"4777231","name":"还原画布","font_class":"exit-fullscreen","unicode":"ec13","unicode_decimal":60435},{"icon_id":"4777232","name":"全屏","font_class":"fullscreen","unicode":"ec14","unicode_decimal":60436},{"icon_id":"5732757","name":"搜索变小","font_class":"zoom-out","unicode":"ec32","unicode_decimal":60466},{"icon_id":"5732758","name":"搜索放大","font_class":"zoom-in","unicode":"ec33","unicode_decimal":60467},{"icon_id":"6337456","name":"插入链接","font_class":"link","unicode":"ec7f","unicode_decimal":60543},{"icon_id":"4767059","name":"menu","font_class":"menu","unicode":"e7f4","unicode_decimal":59380},{"icon_id":"6598341","name":"caret-up","font_class":"caret-up","unicode":"e8ec","unicode_decimal":59628},{"icon_id":"10932452","name":"bilibili-line","font_class":"bilibili","unicode":"e69e","unicode_decimal":59038},{"icon_id":"26267572","name":"gitee","font_class":"gitee","unicode":"e60c","unicode_decimal":58892},{"icon_id":"4766438","name":"container","font_class":"container","unicode":"e7b0","unicode_decimal":59312},{"icon_id":"4766685","name":"home","font_class":"home","unicode":"e7c6","unicode_decimal":59334},{"icon_id":"4767011","name":"right","font_class":"right","unicode":"e7eb","unicode_decimal":59371},{"icon_id":"4767012","name":"left","font_class":"left","unicode":"e7ec","unicode_decimal":59372},{"icon_id":"4936984","name":"QQ","font_class":"QQ","unicode":"e882","unicode_decimal":59522},{"icon_id":"4766293","name":"user","font_class":"user","unicode":"e7ad","unicode_decimal":59309},{"icon_id":"4766294","name":"team","font_class":"team","unicode":"e7ae","unicode_decimal":59310},{"icon_id":"4937000","name":"github-fill","font_class":"github","unicode":"e885","unicode_decimal":59525}]}